task_type	task_name	url	description	tag	external_id
/common/topic	Agreed to terms with C Kyle Schempp on a two-year, entry-level contract.	http://espn.go.com/nhl/transactions/_/date/20160329#Agreed_to_terms_with_C_Kyle_Schempp_on_a_two-year,_entry-level_contract.	*Find or create each transaction and curate as per guidelines* Transaction: Agreed to terms with C Kyle Schempp on a two-year, entry-level contract. # Date: 2016-03-29 # URL: http://espn.go.com/nhl/transactions/_/date/20160329#Agreed_to_terms_with_C_Kyle_Schempp_on_a_two-year,_entry-level_contract.	SPLGROSTNhl	transactions/_/date/20160329#Agreed_to_terms_with_C_Kyle_Schempp_on_a_two-year,_entry-level_contract.
/common/topic	Agreed to terms with F Steven Fogarty on an entry-level contract.	http://espn.go.com/nhl/transactions/_/date/20160329#Agreed_to_terms_with_F_Steven_Fogarty_on_an_entry-level_contract.	*Find or create each transaction and curate as per guidelines* Transaction: Agreed to terms with F Steven Fogarty on an entry-level contract. # Date: 2016-03-29 # URL: http://espn.go.com/nhl/transactions/_/date/20160329#Agreed_to_terms_with_F_Steven_Fogarty_on_an_entry-level_contract.	SPLGROSTNhl	transactions/_/date/20160329#Agreed_to_terms_with_F_Steven_Fogarty_on_an_entry-level_contract.
/common/topic	Assigned D Vili Saarijarvi from Grand Rapids (AHL) to Toledo (ECHL).	http://espn.go.com/nhl/transactions/_/date/20160329#Assigned_D_Vili_Saarijarvi_from_Grand_Rapids_(AHL)_to_Toledo_(ECHL).	*Find or create each transaction and curate as per guidelines* Transaction: Assigned D Vili Saarijarvi from Grand Rapids (AHL) to Toledo (ECHL). # Date: 2016-03-29 # URL: http://espn.go.com/nhl/transactions/_/date/20160329#Assigned_D_Vili_Saarijarvi_from_Grand_Rapids_(AHL)_to_Toledo_(ECHL).	SPLGROSTNhl	transactions/_/date/20160329#Assigned_D_Vili_Saarijarvi_from_Grand_Rapids_(AHL)_to_Toledo_(ECHL).
/common/topic	Assigned G Spencer Martin from San Antonio (AHL) to Fort Wayne (ECHL).	http://espn.go.com/nhl/transactions/_/date/20160329#Assigned_G_Spencer_Martin_from_San_Antonio_(AHL)_to_Fort_Wayne_(ECHL).	*Find or create each transaction and curate as per guidelines* Transaction: Assigned G Spencer Martin from San Antonio (AHL) to Fort Wayne (ECHL). # Date: 2016-03-29 # URL: http://espn.go.com/nhl/transactions/_/date/20160329#Assigned_G_Spencer_Martin_from_San_Antonio_(AHL)_to_Fort_Wayne_(ECHL).	SPLGROSTNhl	transactions/_/date/20160329#Assigned_G_Spencer_Martin_from_San_Antonio_(AHL)_to_Fort_Wayne_(ECHL).
/common/topic	Reassigned D Maxim Lamarche from Lehigh Valley (AHL) to Reading (ECHL).	http://espn.go.com/nhl/transactions/_/date/20160329#Reassigned_D_Maxim_Lamarche_from_Lehigh_Valley_(AHL)_to_Reading_(ECHL).	*Find or create each transaction and curate as per guidelines* Transaction: Reassigned D Maxim Lamarche from Lehigh Valley (AHL) to Reading (ECHL). # Date: 2016-03-29 # URL: http://espn.go.com/nhl/transactions/_/date/20160329#Reassigned_D_Maxim_Lamarche_from_Lehigh_Valley_(AHL)_to_Reading_(ECHL).	SPLGROSTNhl	transactions/_/date/20160329#Reassigned_D_Maxim_Lamarche_from_Lehigh_Valley_(AHL)_to_Reading_(ECHL).
/common/topic	Recalled F Derek Ryan from Charlotte (AHL).	http://espn.go.com/nhl/transactions/_/date/20160329#Recalled_F_Derek_Ryan_from_Charlotte_(AHL).	*Find or create each transaction and curate as per guidelines* Transaction: Recalled F Derek Ryan from Charlotte (AHL). # Date: 2016-03-29 # URL: http://espn.go.com/nhl/transactions/_/date/20160329#Recalled_F_Derek_Ryan_from_Charlotte_(AHL).	SPLGROSTNhl	transactions/_/date/20160329#Recalled_F_Derek_Ryan_from_Charlotte_(AHL).
/common/topic	Reinstated Rockford F Garret Ross after all charges against him were dismissed.	http://espn.go.com/nhl/transactions/_/date/20160329#Reinstated_Rockford_F_Garret_Ross_after_all_charges_against_him_were_dismissed.	*Find or create each transaction and curate as per guidelines* Transaction: Reinstated Rockford F Garret Ross after all charges against him were dismissed. # Date: 2016-03-29 # URL: http://espn.go.com/nhl/transactions/_/date/20160329#Reinstated_Rockford_F_Garret_Ross_after_all_charges_against_him_were_dismissed.	Reinstated	transactions/_/date/20160329#Reinstated_Rockford_F_Garret_Ross_after_all_charges_against_him_were_dismissed.
/common/topic	Assigned G Scott Wedgewood to Albany (AHL). Activated G Cory Schneider off injured reserve.	http://espn.go.com/nhl/transactions/_/date/20160330#Assigned_G_Scott_Wedgewood_to_Albany_(AHL)._Activated_G_Cory_Schneider_off_injured_reserve.	*Find or create each transaction and curate as per guidelines* Transaction: Assigned G Scott Wedgewood to Albany (AHL). Activated G Cory Schneider off injured reserve. # Date: 2016-03-30 # URL: http://espn.go.com/nhl/transactions/_/date/20160330#Assigned_G_Scott_Wedgewood_to_Albany_(AHL)._Activated_G_Cory_Schneider_off_injured_reserve.	SPLGROSTNhl	transactions/_/date/20160330#Assigned_G_Scott_Wedgewood_to_Albany_(AHL)._Activated_G_Cory_Schneider_off_injured_reserve.
/common/topic	Reassigned F Brody Sutter to Charlotte (AHL). Recalled F Sergey Tolchinsky from Charlotte.	http://espn.go.com/nhl/transactions/_/date/20160330#Reassigned_F_Brody_Sutter_to_Charlotte_(AHL)._Recalled_F_Sergey_Tolchinsky_from_Charlotte.	*Find or create each transaction and curate as per guidelines* Transaction: Reassigned F Brody Sutter to Charlotte (AHL). Recalled F Sergey Tolchinsky from Charlotte. # Date: 2016-03-30 # URL: http://espn.go.com/nhl/transactions/_/date/20160330#Reassigned_F_Brody_Sutter_to_Charlotte_(AHL)._Recalled_F_Sergey_Tolchinsky_from_Charlotte.	SPLGROSTNhl	transactions/_/date/20160330#Reassigned_F_Brody_Sutter_to_Charlotte_(AHL)._Recalled_F_Sergey_Tolchinsky_from_Charlotte.
/common/topic	Recalled D Stefan Elliott from Milwaukee (AHL).	http://espn.go.com/nhl/transactions/_/date/20160330#Recalled_D_Stefan_Elliott_from_Milwaukee_(AHL).	*Find or create each transaction and curate as per guidelines* Transaction: Recalled D Stefan Elliott from Milwaukee (AHL). # Date: 2016-03-30 # URL: http://espn.go.com/nhl/transactions/_/date/20160330#Recalled_D_Stefan_Elliott_from_Milwaukee_(AHL).	SPLGROSTNhl	transactions/_/date/20160330#Recalled_D_Stefan_Elliott_from_Milwaukee_(AHL).
/common/topic	Signed C Mark Jankowski to an entry-level contract.	http://espn.go.com/nhl/transactions/_/date/20160330#Signed_C_Mark_Jankowski_to_an_entry-level_contract.	*Find or create each transaction and curate as per guidelines* Transaction: Signed C Mark Jankowski to an entry-level contract. # Date: 2016-03-30 # URL: http://espn.go.com/nhl/transactions/_/date/20160330#Signed_C_Mark_Jankowski_to_an_entry-level_contract.	SPLGROSTNhl	transactions/_/date/20160330#Signed_C_Mark_Jankowski_to_an_entry-level_contract.
/common/topic	Signed D Kyle Wood to a three-year entry-level contract. Recalled F Eric Selleck from Springfield (AHL).	http://espn.go.com/nhl/transactions/_/date/20160330#Signed_D_Kyle_Wood_to_a_three-year_entry-level_contract._Recalled_F_Eric_Selleck_from_Springfield_(AHL).	*Find or create each transaction and curate as per guidelines* Transaction: Signed D Kyle Wood to a three-year entry-level contract. Recalled F Eric Selleck from Springfield (AHL). # Date: 2016-03-30 # URL: http://espn.go.com/nhl/transactions/_/date/20160330#Signed_D_Kyle_Wood_to_a_three-year_entry-level_contract._Recalled_F_Eric_Selleck_from_Springfield_(AHL).	SPLGROSTNhl	transactions/_/date/20160330#Signed_D_Kyle_Wood_to_a_three-year_entry-level_contract._Recalled_F_Eric_Selleck_from_Springfield_(AHL).
