url	Date	Transaction	tag
http://espn.go.com/nhl/transactions/_/date/20160329 REC# Agreed_to_terms_with_C_Kyle_Schempp_on_a_two-year,_entry-level_contract.	March 29, 2016	Agreed to terms with C Kyle Schempp on a two-year, entry-level contract.	Agreed	
http://espn.go.com/nhl/transactions/_/date/20160329 REC# Agreed_to_terms_with_F_Steven_Fogarty_on_an_entry-level_contract.	March 29, 2016	Agreed to terms with F Steven Fogarty on an entry-level contract.	Agreed	
http://espn.go.com/nhl/transactions/_/date/20160329 REC# Assigned_D_Vili_Saarijarvi_from_Grand_Rapids_(AHL)_to_Toledo_(ECHL).	March 29, 2016	Assigned D Vili Saarijarvi from Grand Rapids (AHL) to Toledo (ECHL).	Assigned	
http://espn.go.com/nhl/transactions/_/date/20160329 REC# Assigned_G_Spencer_Martin_from_San_Antonio_(AHL)_to_Fort_Wayne_(ECHL).	March 29, 2016	Assigned G Spencer Martin from San Antonio (AHL) to Fort Wayne (ECHL).	Assigned	
http://espn.go.com/nhl/transactions/_/date/20160329 REC# Reassigned_D_Maxim_Lamarche_from_Lehigh_Valley_(AHL)_to_Reading_(ECHL).	March 29, 2016	Reassigned D Maxim Lamarche from Lehigh Valley (AHL) to Reading (ECHL).	Reassigned	
http://espn.go.com/nhl/transactions/_/date/20160329 REC# Recalled_F_Derek_Ryan_from_Charlotte_(AHL).	March 29, 2016	Recalled F Derek Ryan from Charlotte (AHL).	Recalled	
http://espn.go.com/nhl/transactions/_/date/20160329 REC# Reinstated_Rockford_F_Garret_Ross_after_all_charges_against_him_were_dismissed.	March 29, 2016	Reinstated Rockford F Garret Ross after all charges against him were dismissed.	Reinstated	
http://espn.go.com/nhl/transactions/_/date/20160330 REC# Assigned_G_Scott_Wedgewood_to_Albany_(AHL)._Activated_G_Cory_Schneider_off_injured_reserve.	March 30, 2016	Assigned G Scott Wedgewood to Albany (AHL). Activated G Cory Schneider off injured reserve.	Assigned	
http://espn.go.com/nhl/transactions/_/date/20160330 REC# Reassigned_F_Brody_Sutter_to_Charlotte_(AHL)._Recalled_F_Sergey_Tolchinsky_from_Charlotte.	March 30, 2016	Reassigned F Brody Sutter to Charlotte (AHL). Recalled F Sergey Tolchinsky from Charlotte.	Reassigned	
http://espn.go.com/nhl/transactions/_/date/20160330 REC# Recalled_D_Stefan_Elliott_from_Milwaukee_(AHL).	March 30, 2016	Recalled D Stefan Elliott from Milwaukee (AHL).	Recalled	
http://espn.go.com/nhl/transactions/_/date/20160330 REC# Signed_C_Mark_Jankowski_to_an_entry-level_contract.	March 30, 2016	Signed C Mark Jankowski to an entry-level contract.	Signed	
http://espn.go.com/nhl/transactions/_/date/20160330 REC# Signed_D_Kyle_Wood_to_a_three-year_entry-level_contract._Recalled_F_Eric_Selleck_from_Springfield_(AHL).	March 30, 2016	Signed D Kyle Wood to a three-year entry-level contract. Recalled F Eric Selleck from Springfield (AHL).	Signed	
